ari,f1,fn,fp,mcc,precision,recall,tn,tp,statistic
100.0,100.0,100.0,100.0,100.0,100.0,100.0,100.0,100.0,count
0.42046999999999995,0.5188529999999999,11.23,5.68,0.493917,0.656948,0.492832,147.13,9.64,mean
0.1410997566019563,0.16414896871531978,7.554321794693272,2.8279985427110383,0.11799657164596782,0.1315210475762551,0.1889865570976845,35.04590207892005,4.639575041494271,std
0.0712,0.0909,3.0,0.0,0.1847,0.3846,0.0476,85.0,1.0,min
0.3904,0.5151749999999999,6.0,4.75,0.4672,0.59815,0.4242,119.75,5.0,25%
0.46704999999999997,0.5714,8.0,6.0,0.5226,0.6364,0.5556,148.5,11.0,50%
0.5108,0.6222,17.0,7.0,0.574075,0.6667,0.62665,171.0,14.0,75%
0.5685,0.6667,32.0,11.0,0.6262,1.0,0.6667,217.0,16.0,max
