ari,f1,fn,fp,mcc,precision,recall,tn,tp,statistic
100.0,100.0,100.0,100.0,100.0,100.0,100.0,100.0,100.0,count
0.721515,0.8058269999999998,0.34,8.67,0.7951900000000001,0.6820449999999998,0.989619,140.18,19.89,mean
0.03893237954155483,0.03731560416422887,0.669991708074726,2.4123210667929196,0.031231968535234193,0.05547525497139616,0.020189109450494343,35.80315995308602,8.074019939274239,std
0.6372,0.7273,0.0,5.0,0.7291,0.5714,0.9355,80.0,8.0,min
0.7034750000000001,0.7925,0.0,6.0,0.782275,0.6562,1.0,109.25,14.25,25%
0.7272,0.8205,0.0,9.0,0.8007,0.7,1.0,148.0,21.0,50%
0.7433,0.8333,0.0,11.0,0.8134,0.7273,1.0,168.0,26.0,75%
0.7936,0.8571,2.0,12.0,0.8471,0.7632,1.0,203.0,32.0,max
