ari,f1,fn,fp,mcc,precision,recall,tn,tp,statistic
100.0,100.0,100.0,100.0,100.0,100.0,100.0,100.0,100.0,count
0.5092669999999999,0.611209,9.46,5.44,0.5877950000000001,0.731887,0.5672459999999999,149.07,12.21,mean
0.08815601763608963,0.08937316626076725,4.766083880457367,4.260032721456349,0.0713038885349321,0.1346095901059239,0.15064816085062827,30.808714168021826,5.205465270930994,std
0.3104,0.381,2.0,0.0,0.4183,0.3333,0.2353,84.0,3.0,min
0.449725,0.56745,6.0,2.0,0.540125,0.635825,0.5,128.0,8.0,25%
0.5287,0.6429,8.5,5.0,0.60685,0.7368,0.5882,151.5,11.0,50%
0.56335,0.6691499999999999,13.0,7.0,0.636625,0.793775,0.6667,171.0,16.0,75%
0.6895,0.75,23.0,19.0,0.7267,1.0,0.8846,211.0,26.0,max
